Date,Content,Video title,Video publish time,Duration,Views
2025-05-17,akd5pyd4TnU,【2025最新】初心者向け! Figmaの基本とAIなど便利な使い方を完全解説 / UIデザイン・Webデザインに最適なデザインツール,"Nov 22, 2024",3902,170
2025-05-18,akd5pyd4TnU,【2025最新】初心者向け! Figmaの基本とAIなど便利な使い方を完全解説 / UIデザイン・Webデザインに最適なデザインツール,"Nov 22, 2024",3902,217
2025-05-19,akd5pyd4TnU,【2025最新】初心者向け! Figmaの基本とAIなど便利な使い方を完全解説 / UIデザイン・Webデザインに最適なデザインツール,"Nov 22, 2024",3902,209
2025-05-20,akd5pyd4TnU,【2025最新】初心者向け! Figmaの基本とAIなど便利な使い方を完全解説 / UIデザイン・Webデザインに最適なデザインツール,"Nov 22, 2024",3902,190
2025-05-21,akd5pyd4TnU,【2025最新】初心者向け! Figmaの基本とAIなど便利な使い方を完全解説 / UIデザイン・Webデザインに最適なデザインツール,"Nov 22, 2024",3902,204
2025-05-22,akd5pyd4TnU,【2025最新】初心者向け! Figmaの基本とAIなど便利な使い方を完全解説 / UIデザイン・Webデザインに最適なデザインツール,"Nov 22, 2024",3902,163
2025-05-23,akd5pyd4TnU,【2025最新】初心者向け! Figmaの基本とAIなど便利な使い方を完全解説 / UIデザイン・Webデザインに最適なデザインツール,"Nov 22, 2024",3902,132
2025-05-24,akd5pyd4TnU,【2025最新】初心者向け! Figmaの基本とAIなど便利な使い方を完全解説 / UIデザイン・Webデザインに最適なデザインツール,"Nov 22, 2024",3902,173
2025-05-25,akd5pyd4TnU,【2025最新】初心者向け! Figmaの基本とAIなど便利な使い方を完全解説 / UIデザイン・Webデザインに最適なデザインツール,"Nov 22, 2024",3902,160
2025-05-26,akd5pyd4TnU,【2025最新】初心者向け! Figmaの基本とAIなど便利な使い方を完全解説 / UIデザイン・Webデザインに最適なデザインツール,"Nov 22, 2024",3902,168
2025-05-27,akd5pyd4TnU,【2025最新】初心者向け! Figmaの基本とAIなど便利な使い方を完全解説 / UIデザイン・Webデザインに最適なデザインツール,"Nov 22, 2024",3902,203
2025-05-28,akd5pyd4TnU,【2025最新】初心者向け! Figmaの基本とAIなど便利な使い方を完全解説 / UIデザイン・Webデザインに最適なデザインツール,"Nov 22, 2024",3902,231
2025-05-29,akd5pyd4TnU,【2025最新】初心者向け! Figmaの基本とAIなど便利な使い方を完全解説 / UIデザイン・Webデザインに最適なデザインツール,"Nov 22, 2024",3902,201
2025-05-30,akd5pyd4TnU,【2025最新】初心者向け! Figmaの基本とAIなど便利な使い方を完全解説 / UIデザイン・Webデザインに最適なデザインツール,"Nov 22, 2024",3902,127
2025-05-31,akd5pyd4TnU,【2025最新】初心者向け! Figmaの基本とAIなど便利な使い方を完全解説 / UIデザイン・Webデザインに最適なデザインツール,"Nov 22, 2024",3902,116
2025-06-01,akd5pyd4TnU,【2025最新】初心者向け! Figmaの基本とAIなど便利な使い方を完全解説 / UIデザイン・Webデザインに最適なデザインツール,"Nov 22, 2024",3902,181
2025-06-02,akd5pyd4TnU,【2025最新】初心者向け! Figmaの基本とAIなど便利な使い方を完全解説 / UIデザイン・Webデザインに最適なデザインツール,"Nov 22, 2024",3902,191
2025-06-03,akd5pyd4TnU,【2025最新】初心者向け! Figmaの基本とAIなど便利な使い方を完全解説 / UIデザイン・Webデザインに最適なデザインツール,"Nov 22, 2024",3902,215
2025-06-04,akd5pyd4TnU,【2025最新】初心者向け! Figmaの基本とAIなど便利な使い方を完全解説 / UIデザイン・Webデザインに最適なデザインツール,"Nov 22, 2024",3902,211
2025-06-05,akd5pyd4TnU,【2025最新】初心者向け! Figmaの基本とAIなど便利な使い方を完全解説 / UIデザイン・Webデザインに最適なデザインツール,"Nov 22, 2024",3902,149
2025-06-06,akd5pyd4TnU,【2025最新】初心者向け! Figmaの基本とAIなど便利な使い方を完全解説 / UIデザイン・Webデザインに最適なデザインツール,"Nov 22, 2024",3902,99
2025-06-07,akd5pyd4TnU,【2025最新】初心者向け! Figmaの基本とAIなど便利な使い方を完全解説 / UIデザイン・Webデザインに最適なデザインツール,"Nov 22, 2024",3902,152
2025-06-08,akd5pyd4TnU,【2025最新】初心者向け! Figmaの基本とAIなど便利な使い方を完全解説 / UIデザイン・Webデザインに最適なデザインツール,"Nov 22, 2024",3902,157
2025-06-09,akd5pyd4TnU,【2025最新】初心者向け! Figmaの基本とAIなど便利な使い方を完全解説 / UIデザイン・Webデザインに最適なデザインツール,"Nov 22, 2024",3902,194
2025-06-10,akd5pyd4TnU,【2025最新】初心者向け! Figmaの基本とAIなど便利な使い方を完全解説 / UIデザイン・Webデザインに最適なデザインツール,"Nov 22, 2024",3902,203
2025-06-11,akd5pyd4TnU,【2025最新】初心者向け! Figmaの基本とAIなど便利な使い方を完全解説 / UIデザイン・Webデザインに最適なデザインツール,"Nov 22, 2024",3902,209
2025-06-12,akd5pyd4TnU,【2025最新】初心者向け! Figmaの基本とAIなど便利な使い方を完全解説 / UIデザイン・Webデザインに最適なデザインツール,"Nov 22, 2024",3902,173
2025-06-13,akd5pyd4TnU,【2025最新】初心者向け! Figmaの基本とAIなど便利な使い方を完全解説 / UIデザイン・Webデザインに最適なデザインツール,"Nov 22, 2024",3902,145
2025-06-14,akd5pyd4TnU,【2025最新】初心者向け! Figmaの基本とAIなど便利な使い方を完全解説 / UIデザイン・Webデザインに最適なデザインツール,"Nov 22, 2024",3902,140
2025-06-15,akd5pyd4TnU,【2025最新】初心者向け! Figmaの基本とAIなど便利な使い方を完全解説 / UIデザイン・Webデザインに最適なデザインツール,"Nov 22, 2024",3902,189
2025-06-16,akd5pyd4TnU,【2025最新】初心者向け! Figmaの基本とAIなど便利な使い方を完全解説 / UIデザイン・Webデザインに最適なデザインツール,"Nov 22, 2024",3902,196
2025-06-17,akd5pyd4TnU,【2025最新】初心者向け! Figmaの基本とAIなど便利な使い方を完全解説 / UIデザイン・Webデザインに最適なデザインツール,"Nov 22, 2024",3902,201
2025-06-18,akd5pyd4TnU,【2025最新】初心者向け! Figmaの基本とAIなど便利な使い方を完全解説 / UIデザイン・Webデザインに最適なデザインツール,"Nov 22, 2024",3902,190
2025-06-19,akd5pyd4TnU,【2025最新】初心者向け! Figmaの基本とAIなど便利な使い方を完全解説 / UIデザイン・Webデザインに最適なデザインツール,"Nov 22, 2024",3902,192
2025-06-20,akd5pyd4TnU,【2025最新】初心者向け! Figmaの基本とAIなど便利な使い方を完全解説 / UIデザイン・Webデザインに最適なデザインツール,"Nov 22, 2024",3902,169
2025-06-21,akd5pyd4TnU,【2025最新】初心者向け! Figmaの基本とAIなど便利な使い方を完全解説 / UIデザイン・Webデザインに最適なデザインツール,"Nov 22, 2024",3902,138
2025-06-22,akd5pyd4TnU,【2025最新】初心者向け! Figmaの基本とAIなど便利な使い方を完全解説 / UIデザイン・Webデザインに最適なデザインツール,"Nov 22, 2024",3902,164
2025-06-23,akd5pyd4TnU,【2025最新】初心者向け! Figmaの基本とAIなど便利な使い方を完全解説 / UIデザイン・Webデザインに最適なデザインツール,"Nov 22, 2024",3902,195
2025-06-24,akd5pyd4TnU,【2025最新】初心者向け! Figmaの基本とAIなど便利な使い方を完全解説 / UIデザイン・Webデザインに最適なデザインツール,"Nov 22, 2024",3902,171
2025-06-25,akd5pyd4TnU,【2025最新】初心者向け! Figmaの基本とAIなど便利な使い方を完全解説 / UIデザイン・Webデザインに最適なデザインツール,"Nov 22, 2024",3902,174
2025-06-26,akd5pyd4TnU,【2025最新】初心者向け! Figmaの基本とAIなど便利な使い方を完全解説 / UIデザイン・Webデザインに最適なデザインツール,"Nov 22, 2024",3902,191
2025-06-27,akd5pyd4TnU,【2025最新】初心者向け! Figmaの基本とAIなど便利な使い方を完全解説 / UIデザイン・Webデザインに最適なデザインツール,"Nov 22, 2024",3902,133
2025-06-28,akd5pyd4TnU,【2025最新】初心者向け! Figmaの基本とAIなど便利な使い方を完全解説 / UIデザイン・Webデザインに最適なデザインツール,"Nov 22, 2024",3902,149
2025-06-29,akd5pyd4TnU,【2025最新】初心者向け! Figmaの基本とAIなど便利な使い方を完全解説 / UIデザイン・Webデザインに最適なデザインツール,"Nov 22, 2024",3902,127
2025-06-30,akd5pyd4TnU,【2025最新】初心者向け! Figmaの基本とAIなど便利な使い方を完全解説 / UIデザイン・Webデザインに最適なデザインツール,"Nov 22, 2024",3902,141
2025-07-01,akd5pyd4TnU,【2025最新】初心者向け! Figmaの基本とAIなど便利な使い方を完全解説 / UIデザイン・Webデザインに最適なデザインツール,"Nov 22, 2024",3902,177
2025-07-02,akd5pyd4TnU,【2025最新】初心者向け! Figmaの基本とAIなど便利な使い方を完全解説 / UIデザイン・Webデザインに最適なデザインツール,"Nov 22, 2024",3902,168
2025-07-03,akd5pyd4TnU,【2025最新】初心者向け! Figmaの基本とAIなど便利な使い方を完全解説 / UIデザイン・Webデザインに最適なデザインツール,"Nov 22, 2024",3902,188
2025-07-04,akd5pyd4TnU,【2025最新】初心者向け! Figmaの基本とAIなど便利な使い方を完全解説 / UIデザイン・Webデザインに最適なデザインツール,"Nov 22, 2024",3902,146
2025-07-05,akd5pyd4TnU,【2025最新】初心者向け! Figmaの基本とAIなど便利な使い方を完全解説 / UIデザイン・Webデザインに最適なデザインツール,"Nov 22, 2024",3902,160
2025-07-06,akd5pyd4TnU,【2025最新】初心者向け! Figmaの基本とAIなど便利な使い方を完全解説 / UIデザイン・Webデザインに最適なデザインツール,"Nov 22, 2024",3902,213
2025-07-07,akd5pyd4TnU,【2025最新】初心者向け! Figmaの基本とAIなど便利な使い方を完全解説 / UIデザイン・Webデザインに最適なデザインツール,"Nov 22, 2024",3902,209
2025-07-08,akd5pyd4TnU,【2025最新】初心者向け! Figmaの基本とAIなど便利な使い方を完全解説 / UIデザイン・Webデザインに最適なデザインツール,"Nov 22, 2024",3902,209
2025-07-09,akd5pyd4TnU,【2025最新】初心者向け! Figmaの基本とAIなど便利な使い方を完全解説 / UIデザイン・Webデザインに最適なデザインツール,"Nov 22, 2024",3902,217
2025-07-10,akd5pyd4TnU,【2025最新】初心者向け! Figmaの基本とAIなど便利な使い方を完全解説 / UIデザイン・Webデザインに最適なデザインツール,"Nov 22, 2024",3902,168
2025-07-11,akd5pyd4TnU,【2025最新】初心者向け! Figmaの基本とAIなど便利な使い方を完全解説 / UIデザイン・Webデザインに最適なデザインツール,"Nov 22, 2024",3902,159
2025-07-12,akd5pyd4TnU,【2025最新】初心者向け! Figmaの基本とAIなど便利な使い方を完全解説 / UIデザイン・Webデザインに最適なデザインツール,"Nov 22, 2024",3902,161
2025-07-13,akd5pyd4TnU,【2025最新】初心者向け! Figmaの基本とAIなど便利な使い方を完全解説 / UIデザイン・Webデザインに最適なデザインツール,"Nov 22, 2024",3902,168
2025-07-14,akd5pyd4TnU,【2025最新】初心者向け! Figmaの基本とAIなど便利な使い方を完全解説 / UIデザイン・Webデザインに最適なデザインツール,"Nov 22, 2024",3902,307
2025-07-15,akd5pyd4TnU,【2025最新】初心者向け! Figmaの基本とAIなど便利な使い方を完全解説 / UIデザイン・Webデザインに最適なデザインツール,"Nov 22, 2024",3902,195
2025-07-16,akd5pyd4TnU,【2025最新】初心者向け! Figmaの基本とAIなど便利な使い方を完全解説 / UIデザイン・Webデザインに最適なデザインツール,"Nov 22, 2024",3902,192
2025-07-17,akd5pyd4TnU,【2025最新】初心者向け! Figmaの基本とAIなど便利な使い方を完全解説 / UIデザイン・Webデザインに最適なデザインツール,"Nov 22, 2024",3902,193
2025-07-18,akd5pyd4TnU,【2025最新】初心者向け! Figmaの基本とAIなど便利な使い方を完全解説 / UIデザイン・Webデザインに最適なデザインツール,"Nov 22, 2024",3902,139
2025-07-19,akd5pyd4TnU,【2025最新】初心者向け! Figmaの基本とAIなど便利な使い方を完全解説 / UIデザイン・Webデザインに最適なデザインツール,"Nov 22, 2024",3902,175
2025-07-20,akd5pyd4TnU,【2025最新】初心者向け! Figmaの基本とAIなど便利な使い方を完全解説 / UIデザイン・Webデザインに最適なデザインツール,"Nov 22, 2024",3902,154
2025-07-21,akd5pyd4TnU,【2025最新】初心者向け! Figmaの基本とAIなど便利な使い方を完全解説 / UIデザイン・Webデザインに最適なデザインツール,"Nov 22, 2024",3902,161
2025-07-22,akd5pyd4TnU,【2025最新】初心者向け! Figmaの基本とAIなど便利な使い方を完全解説 / UIデザイン・Webデザインに最適なデザインツール,"Nov 22, 2024",3902,145
2025-07-23,akd5pyd4TnU,【2025最新】初心者向け! Figmaの基本とAIなど便利な使い方を完全解説 / UIデザイン・Webデザインに最適なデザインツール,"Nov 22, 2024",3902,129
2025-07-24,akd5pyd4TnU,【2025最新】初心者向け! Figmaの基本とAIなど便利な使い方を完全解説 / UIデザイン・Webデザインに最適なデザインツール,"Nov 22, 2024",3902,135
2025-07-25,akd5pyd4TnU,【2025最新】初心者向け! Figmaの基本とAIなど便利な使い方を完全解説 / UIデザイン・Webデザインに最適なデザインツール,"Nov 22, 2024",3902,95
2025-07-26,akd5pyd4TnU,【2025最新】初心者向け! Figmaの基本とAIなど便利な使い方を完全解説 / UIデザイン・Webデザインに最適なデザインツール,"Nov 22, 2024",3902,123
2025-07-27,akd5pyd4TnU,【2025最新】初心者向け! Figmaの基本とAIなど便利な使い方を完全解説 / UIデザイン・Webデザインに最適なデザインツール,"Nov 22, 2024",3902,138
2025-07-28,akd5pyd4TnU,【2025最新】初心者向け! Figmaの基本とAIなど便利な使い方を完全解説 / UIデザイン・Webデザインに最適なデザインツール,"Nov 22, 2024",3902,165
2025-07-29,akd5pyd4TnU,【2025最新】初心者向け! Figmaの基本とAIなど便利な使い方を完全解説 / UIデザイン・Webデザインに最適なデザインツール,"Nov 22, 2024",3902,134
2025-07-30,akd5pyd4TnU,【2025最新】初心者向け! Figmaの基本とAIなど便利な使い方を完全解説 / UIデザイン・Webデザインに最適なデザインツール,"Nov 22, 2024",3902,192
2025-07-31,akd5pyd4TnU,【2025最新】初心者向け! Figmaの基本とAIなど便利な使い方を完全解説 / UIデザイン・Webデザインに最適なデザインツール,"Nov 22, 2024",3902,179
2025-08-01,akd5pyd4TnU,【2025最新】初心者向け! Figmaの基本とAIなど便利な使い方を完全解説 / UIデザイン・Webデザインに最適なデザインツール,"Nov 22, 2024",3902,146
2025-08-02,akd5pyd4TnU,【2025最新】初心者向け! Figmaの基本とAIなど便利な使い方を完全解説 / UIデザイン・Webデザインに最適なデザインツール,"Nov 22, 2024",3902,119
2025-08-03,akd5pyd4TnU,【2025最新】初心者向け! Figmaの基本とAIなど便利な使い方を完全解説 / UIデザイン・Webデザインに最適なデザインツール,"Nov 22, 2024",3902,182
2025-08-04,akd5pyd4TnU,【2025最新】初心者向け! Figmaの基本とAIなど便利な使い方を完全解説 / UIデザイン・Webデザインに最適なデザインツール,"Nov 22, 2024",3902,173
2025-08-05,akd5pyd4TnU,【2025最新】初心者向け! Figmaの基本とAIなど便利な使い方を完全解説 / UIデザイン・Webデザインに最適なデザインツール,"Nov 22, 2024",3902,153
2025-08-06,akd5pyd4TnU,【2025最新】初心者向け! Figmaの基本とAIなど便利な使い方を完全解説 / UIデザイン・Webデザインに最適なデザインツール,"Nov 22, 2024",3902,175
2025-08-07,akd5pyd4TnU,【2025最新】初心者向け! Figmaの基本とAIなど便利な使い方を完全解説 / UIデザイン・Webデザインに最適なデザインツール,"Nov 22, 2024",3902,167
2025-08-08,akd5pyd4TnU,【2025最新】初心者向け! Figmaの基本とAIなど便利な使い方を完全解説 / UIデザイン・Webデザインに最適なデザインツール,"Nov 22, 2024",3902,103
2025-08-09,akd5pyd4TnU,【2025最新】初心者向け! Figmaの基本とAIなど便利な使い方を完全解説 / UIデザイン・Webデザインに最適なデザインツール,"Nov 22, 2024",3902,109
2025-08-10,akd5pyd4TnU,【2025最新】初心者向け! Figmaの基本とAIなど便利な使い方を完全解説 / UIデザイン・Webデザインに最適なデザインツール,"Nov 22, 2024",3902,116
2025-08-11,akd5pyd4TnU,【2025最新】初心者向け! Figmaの基本とAIなど便利な使い方を完全解説 / UIデザイン・Webデザインに最適なデザインツール,"Nov 22, 2024",3902,168
2025-08-12,akd5pyd4TnU,【2025最新】初心者向け! Figmaの基本とAIなど便利な使い方を完全解説 / UIデザイン・Webデザインに最適なデザインツール,"Nov 22, 2024",3902,126
2025-08-13,akd5pyd4TnU,【2025最新】初心者向け! Figmaの基本とAIなど便利な使い方を完全解説 / UIデザイン・Webデザインに最適なデザインツール,"Nov 22, 2024",3902,149
2025-08-14,akd5pyd4TnU,【2025最新】初心者向け! Figmaの基本とAIなど便利な使い方を完全解説 / UIデザイン・Webデザインに最適なデザインツール,"Nov 22, 2024",3902,125
2025-05-17,i2g3JmUwJB8,デザイン制作の「常識がぶっ壊れた」件。FigmaとAIで変わるデザイナーの本当の仕事,"Jul 3, 2025",1431,0
2025-05-18,i2g3JmUwJB8,デザイン制作の「常識がぶっ壊れた」件。FigmaとAIで変わるデザイナーの本当の仕事,"Jul 3, 2025",1431,0
2025-05-19,i2g3JmUwJB8,デザイン制作の「常識がぶっ壊れた」件。FigmaとAIで変わるデザイナーの本当の仕事,"Jul 3, 2025",1431,0
2025-05-20,i2g3JmUwJB8,デザイン制作の「常識がぶっ壊れた」件。FigmaとAIで変わるデザイナーの本当の仕事,"Jul 3, 2025",1431,0
2025-05-21,i2g3JmUwJB8,デザイン制作の「常識がぶっ壊れた」件。FigmaとAIで変わるデザイナーの本当の仕事,"Jul 3, 2025",1431,0
2025-05-22,i2g3JmUwJB8,デザイン制作の「常識がぶっ壊れた」件。FigmaとAIで変わるデザイナーの本当の仕事,"Jul 3, 2025",1431,0
2025-05-23,i2g3JmUwJB8,デザイン制作の「常識がぶっ壊れた」件。FigmaとAIで変わるデザイナーの本当の仕事,"Jul 3, 2025",1431,0
2025-05-24,i2g3JmUwJB8,デザイン制作の「常識がぶっ壊れた」件。FigmaとAIで変わるデザイナーの本当の仕事,"Jul 3, 2025",1431,0
2025-05-25,i2g3JmUwJB8,デザイン制作の「常識がぶっ壊れた」件。FigmaとAIで変わるデザイナーの本当の仕事,"Jul 3, 2025",1431,0
2025-05-26,i2g3JmUwJB8,デザイン制作の「常識がぶっ壊れた」件。FigmaとAIで変わるデザイナーの本当の仕事,"Jul 3, 2025",1431,0
2025-05-27,i2g3JmUwJB8,デザイン制作の「常識がぶっ壊れた」件。FigmaとAIで変わるデザイナーの本当の仕事,"Jul 3, 2025",1431,0
2025-05-28,i2g3JmUwJB8,デザイン制作の「常識がぶっ壊れた」件。FigmaとAIで変わるデザイナーの本当の仕事,"Jul 3, 2025",1431,0
2025-05-29,i2g3JmUwJB8,デザイン制作の「常識がぶっ壊れた」件。FigmaとAIで変わるデザイナーの本当の仕事,"Jul 3, 2025",1431,0
2025-05-30,i2g3JmUwJB8,デザイン制作の「常識がぶっ壊れた」件。FigmaとAIで変わるデザイナーの本当の仕事,"Jul 3, 2025",1431,0
2025-05-31,i2g3JmUwJB8,デザイン制作の「常識がぶっ壊れた」件。FigmaとAIで変わるデザイナーの本当の仕事,"Jul 3, 2025",1431,0
2025-06-01,i2g3JmUwJB8,デザイン制作の「常識がぶっ壊れた」件。FigmaとAIで変わるデザイナーの本当の仕事,"Jul 3, 2025",1431,0
2025-06-02,i2g3JmUwJB8,デザイン制作の「常識がぶっ壊れた」件。FigmaとAIで変わるデザイナーの本当の仕事,"Jul 3, 2025",1431,0
2025-06-03,i2g3JmUwJB8,デザイン制作の「常識がぶっ壊れた」件。FigmaとAIで変わるデザイナーの本当の仕事,"Jul 3, 2025",1431,0
2025-06-04,i2g3JmUwJB8,デザイン制作の「常識がぶっ壊れた」件。FigmaとAIで変わるデザイナーの本当の仕事,"Jul 3, 2025",1431,0
2025-06-05,i2g3JmUwJB8,デザイン制作の「常識がぶっ壊れた」件。FigmaとAIで変わるデザイナーの本当の仕事,"Jul 3, 2025",1431,0
2025-06-06,i2g3JmUwJB8,デザイン制作の「常識がぶっ壊れた」件。FigmaとAIで変わるデザイナーの本当の仕事,"Jul 3, 2025",1431,0
2025-06-07,i2g3JmUwJB8,デザイン制作の「常識がぶっ壊れた」件。FigmaとAIで変わるデザイナーの本当の仕事,"Jul 3, 2025",1431,0
2025-06-08,i2g3JmUwJB8,デザイン制作の「常識がぶっ壊れた」件。FigmaとAIで変わるデザイナーの本当の仕事,"Jul 3, 2025",1431,0
2025-06-09,i2g3JmUwJB8,デザイン制作の「常識がぶっ壊れた」件。FigmaとAIで変わるデザイナーの本当の仕事,"Jul 3, 2025",1431,0
2025-06-10,i2g3JmUwJB8,デザイン制作の「常識がぶっ壊れた」件。FigmaとAIで変わるデザイナーの本当の仕事,"Jul 3, 2025",1431,0
2025-06-11,i2g3JmUwJB8,デザイン制作の「常識がぶっ壊れた」件。FigmaとAIで変わるデザイナーの本当の仕事,"Jul 3, 2025",1431,0
2025-06-12,i2g3JmUwJB8,デザイン制作の「常識がぶっ壊れた」件。FigmaとAIで変わるデザイナーの本当の仕事,"Jul 3, 2025",1431,0
2025-06-13,i2g3JmUwJB8,デザイン制作の「常識がぶっ壊れた」件。FigmaとAIで変わるデザイナーの本当の仕事,"Jul 3, 2025",1431,0
2025-06-14,i2g3JmUwJB8,デザイン制作の「常識がぶっ壊れた」件。FigmaとAIで変わるデザイナーの本当の仕事,"Jul 3, 2025",1431,0
2025-06-15,i2g3JmUwJB8,デザイン制作の「常識がぶっ壊れた」件。FigmaとAIで変わるデザイナーの本当の仕事,"Jul 3, 2025",1431,0
2025-06-16,i2g3JmUwJB8,デザイン制作の「常識がぶっ壊れた」件。FigmaとAIで変わるデザイナーの本当の仕事,"Jul 3, 2025",1431,0
2025-06-17,i2g3JmUwJB8,デザイン制作の「常識がぶっ壊れた」件。FigmaとAIで変わるデザイナーの本当の仕事,"Jul 3, 2025",1431,0
2025-06-18,i2g3JmUwJB8,デザイン制作の「常識がぶっ壊れた」件。FigmaとAIで変わるデザイナーの本当の仕事,"Jul 3, 2025",1431,0
2025-06-19,i2g3JmUwJB8,デザイン制作の「常識がぶっ壊れた」件。FigmaとAIで変わるデザイナーの本当の仕事,"Jul 3, 2025",1431,0
2025-06-20,i2g3JmUwJB8,デザイン制作の「常識がぶっ壊れた」件。FigmaとAIで変わるデザイナーの本当の仕事,"Jul 3, 2025",1431,0
2025-06-21,i2g3JmUwJB8,デザイン制作の「常識がぶっ壊れた」件。FigmaとAIで変わるデザイナーの本当の仕事,"Jul 3, 2025",1431,0
2025-06-22,i2g3JmUwJB8,デザイン制作の「常識がぶっ壊れた」件。FigmaとAIで変わるデザイナーの本当の仕事,"Jul 3, 2025",1431,0
2025-06-23,i2g3JmUwJB8,デザイン制作の「常識がぶっ壊れた」件。FigmaとAIで変わるデザイナーの本当の仕事,"Jul 3, 2025",1431,0
2025-06-24,i2g3JmUwJB8,デザイン制作の「常識がぶっ壊れた」件。FigmaとAIで変わるデザイナーの本当の仕事,"Jul 3, 2025",1431,0
2025-06-25,i2g3JmUwJB8,デザイン制作の「常識がぶっ壊れた」件。FigmaとAIで変わるデザイナーの本当の仕事,"Jul 3, 2025",1431,0
2025-06-26,i2g3JmUwJB8,デザイン制作の「常識がぶっ壊れた」件。FigmaとAIで変わるデザイナーの本当の仕事,"Jul 3, 2025",1431,0
2025-06-27,i2g3JmUwJB8,デザイン制作の「常識がぶっ壊れた」件。FigmaとAIで変わるデザイナーの本当の仕事,"Jul 3, 2025",1431,0
2025-06-28,i2g3JmUwJB8,デザイン制作の「常識がぶっ壊れた」件。FigmaとAIで変わるデザイナーの本当の仕事,"Jul 3, 2025",1431,0
2025-06-29,i2g3JmUwJB8,デザイン制作の「常識がぶっ壊れた」件。FigmaとAIで変わるデザイナーの本当の仕事,"Jul 3, 2025",1431,0
2025-06-30,i2g3JmUwJB8,デザイン制作の「常識がぶっ壊れた」件。FigmaとAIで変わるデザイナーの本当の仕事,"Jul 3, 2025",1431,1
2025-07-01,i2g3JmUwJB8,デザイン制作の「常識がぶっ壊れた」件。FigmaとAIで変わるデザイナーの本当の仕事,"Jul 3, 2025",1431,0
2025-07-02,i2g3JmUwJB8,デザイン制作の「常識がぶっ壊れた」件。FigmaとAIで変わるデザイナーの本当の仕事,"Jul 3, 2025",1431,1
2025-07-03,i2g3JmUwJB8,デザイン制作の「常識がぶっ壊れた」件。FigmaとAIで変わるデザイナーの本当の仕事,"Jul 3, 2025",1431,1880
2025-07-04,i2g3JmUwJB8,デザイン制作の「常識がぶっ壊れた」件。FigmaとAIで変わるデザイナーの本当の仕事,"Jul 3, 2025",1431,957
2025-07-05,i2g3JmUwJB8,デザイン制作の「常識がぶっ壊れた」件。FigmaとAIで変わるデザイナーの本当の仕事,"Jul 3, 2025",1431,2120
2025-07-06,i2g3JmUwJB8,デザイン制作の「常識がぶっ壊れた」件。FigmaとAIで変わるデザイナーの本当の仕事,"Jul 3, 2025",1431,2164
2025-07-07,i2g3JmUwJB8,デザイン制作の「常識がぶっ壊れた」件。FigmaとAIで変わるデザイナーの本当の仕事,"Jul 3, 2025",1431,1639
2025-07-08,i2g3JmUwJB8,デザイン制作の「常識がぶっ壊れた」件。FigmaとAIで変わるデザイナーの本当の仕事,"Jul 3, 2025",1431,1204
2025-07-09,i2g3JmUwJB8,デザイン制作の「常識がぶっ壊れた」件。FigmaとAIで変わるデザイナーの本当の仕事,"Jul 3, 2025",1431,1117
2025-07-10,i2g3JmUwJB8,デザイン制作の「常識がぶっ壊れた」件。FigmaとAIで変わるデザイナーの本当の仕事,"Jul 3, 2025",1431,862
2025-07-11,i2g3JmUwJB8,デザイン制作の「常識がぶっ壊れた」件。FigmaとAIで変わるデザイナーの本当の仕事,"Jul 3, 2025",1431,877
2025-07-12,i2g3JmUwJB8,デザイン制作の「常識がぶっ壊れた」件。FigmaとAIで変わるデザイナーの本当の仕事,"Jul 3, 2025",1431,456
2025-07-13,i2g3JmUwJB8,デザイン制作の「常識がぶっ壊れた」件。FigmaとAIで変わるデザイナーの本当の仕事,"Jul 3, 2025",1431,322
2025-07-14,i2g3JmUwJB8,デザイン制作の「常識がぶっ壊れた」件。FigmaとAIで変わるデザイナーの本当の仕事,"Jul 3, 2025",1431,411
2025-07-15,i2g3JmUwJB8,デザイン制作の「常識がぶっ壊れた」件。FigmaとAIで変わるデザイナーの本当の仕事,"Jul 3, 2025",1431,352
2025-07-16,i2g3JmUwJB8,デザイン制作の「常識がぶっ壊れた」件。FigmaとAIで変わるデザイナーの本当の仕事,"Jul 3, 2025",1431,609
2025-07-17,i2g3JmUwJB8,デザイン制作の「常識がぶっ壊れた」件。FigmaとAIで変わるデザイナーの本当の仕事,"Jul 3, 2025",1431,495
2025-07-18,i2g3JmUwJB8,デザイン制作の「常識がぶっ壊れた」件。FigmaとAIで変わるデザイナーの本当の仕事,"Jul 3, 2025",1431,452
2025-07-19,i2g3JmUwJB8,デザイン制作の「常識がぶっ壊れた」件。FigmaとAIで変わるデザイナーの本当の仕事,"Jul 3, 2025",1431,325
2025-07-20,i2g3JmUwJB8,デザイン制作の「常識がぶっ壊れた」件。FigmaとAIで変わるデザイナーの本当の仕事,"Jul 3, 2025",1431,252
2025-07-21,i2g3JmUwJB8,デザイン制作の「常識がぶっ壊れた」件。FigmaとAIで変わるデザイナーの本当の仕事,"Jul 3, 2025",1431,299
2025-07-22,i2g3JmUwJB8,デザイン制作の「常識がぶっ壊れた」件。FigmaとAIで変わるデザイナーの本当の仕事,"Jul 3, 2025",1431,221
2025-07-23,i2g3JmUwJB8,デザイン制作の「常識がぶっ壊れた」件。FigmaとAIで変わるデザイナーの本当の仕事,"Jul 3, 2025",1431,246
2025-07-24,i2g3JmUwJB8,デザイン制作の「常識がぶっ壊れた」件。FigmaとAIで変わるデザイナーの本当の仕事,"Jul 3, 2025",1431,252
2025-07-25,i2g3JmUwJB8,デザイン制作の「常識がぶっ壊れた」件。FigmaとAIで変わるデザイナーの本当の仕事,"Jul 3, 2025",1431,165
2025-07-26,i2g3JmUwJB8,デザイン制作の「常識がぶっ壊れた」件。FigmaとAIで変わるデザイナーの本当の仕事,"Jul 3, 2025",1431,181
2025-07-27,i2g3JmUwJB8,デザイン制作の「常識がぶっ壊れた」件。FigmaとAIで変わるデザイナーの本当の仕事,"Jul 3, 2025",1431,108
2025-07-28,i2g3JmUwJB8,デザイン制作の「常識がぶっ壊れた」件。FigmaとAIで変わるデザイナーの本当の仕事,"Jul 3, 2025",1431,135
2025-07-29,i2g3JmUwJB8,デザイン制作の「常識がぶっ壊れた」件。FigmaとAIで変わるデザイナーの本当の仕事,"Jul 3, 2025",1431,138
2025-07-30,i2g3JmUwJB8,デザイン制作の「常識がぶっ壊れた」件。FigmaとAIで変わるデザイナーの本当の仕事,"Jul 3, 2025",1431,141
2025-07-31,i2g3JmUwJB8,デザイン制作の「常識がぶっ壊れた」件。FigmaとAIで変わるデザイナーの本当の仕事,"Jul 3, 2025",1431,160
2025-08-01,i2g3JmUwJB8,デザイン制作の「常識がぶっ壊れた」件。FigmaとAIで変わるデザイナーの本当の仕事,"Jul 3, 2025",1431,109
2025-08-02,i2g3JmUwJB8,デザイン制作の「常識がぶっ壊れた」件。FigmaとAIで変わるデザイナーの本当の仕事,"Jul 3, 2025",1431,72
2025-08-03,i2g3JmUwJB8,デザイン制作の「常識がぶっ壊れた」件。FigmaとAIで変わるデザイナーの本当の仕事,"Jul 3, 2025",1431,115
2025-08-04,i2g3JmUwJB8,デザイン制作の「常識がぶっ壊れた」件。FigmaとAIで変わるデザイナーの本当の仕事,"Jul 3, 2025",1431,124
2025-08-05,i2g3JmUwJB8,デザイン制作の「常識がぶっ壊れた」件。FigmaとAIで変わるデザイナーの本当の仕事,"Jul 3, 2025",1431,148
2025-08-06,i2g3JmUwJB8,デザイン制作の「常識がぶっ壊れた」件。FigmaとAIで変わるデザイナーの本当の仕事,"Jul 3, 2025",1431,110
2025-08-07,i2g3JmUwJB8,デザイン制作の「常識がぶっ壊れた」件。FigmaとAIで変わるデザイナーの本当の仕事,"Jul 3, 2025",1431,114
2025-08-08,i2g3JmUwJB8,デザイン制作の「常識がぶっ壊れた」件。FigmaとAIで変わるデザイナーの本当の仕事,"Jul 3, 2025",1431,84
2025-08-09,i2g3JmUwJB8,デザイン制作の「常識がぶっ壊れた」件。FigmaとAIで変わるデザイナーの本当の仕事,"Jul 3, 2025",1431,107
2025-08-10,i2g3JmUwJB8,デザイン制作の「常識がぶっ壊れた」件。FigmaとAIで変わるデザイナーの本当の仕事,"Jul 3, 2025",1431,114
2025-08-11,i2g3JmUwJB8,デザイン制作の「常識がぶっ壊れた」件。FigmaとAIで変わるデザイナーの本当の仕事,"Jul 3, 2025",1431,104
2025-08-12,i2g3JmUwJB8,デザイン制作の「常識がぶっ壊れた」件。FigmaとAIで変わるデザイナーの本当の仕事,"Jul 3, 2025",1431,82
2025-08-13,i2g3JmUwJB8,デザイン制作の「常識がぶっ壊れた」件。FigmaとAIで変わるデザイナーの本当の仕事,"Jul 3, 2025",1431,119
2025-08-14,i2g3JmUwJB8,デザイン制作の「常識がぶっ壊れた」件。FigmaとAIで変わるデザイナーの本当の仕事,"Jul 3, 2025",1431,94
2025-05-17,jaBvPfIFw00,【検証】AIがFigmaでデザイン？初心者にもやばいと噂のLayerMateを試した結果…,"Jul 29, 2025",1963,0
2025-05-18,jaBvPfIFw00,【検証】AIがFigmaでデザイン？初心者にもやばいと噂のLayerMateを試した結果…,"Jul 29, 2025",1963,0
2025-05-19,jaBvPfIFw00,【検証】AIがFigmaでデザイン？初心者にもやばいと噂のLayerMateを試した結果…,"Jul 29, 2025",1963,0
2025-05-20,jaBvPfIFw00,【検証】AIがFigmaでデザイン？初心者にもやばいと噂のLayerMateを試した結果…,"Jul 29, 2025",1963,0
2025-05-21,jaBvPfIFw00,【検証】AIがFigmaでデザイン？初心者にもやばいと噂のLayerMateを試した結果…,"Jul 29, 2025",1963,0
2025-05-22,jaBvPfIFw00,【検証】AIがFigmaでデザイン？初心者にもやばいと噂のLayerMateを試した結果…,"Jul 29, 2025",1963,0
2025-05-23,jaBvPfIFw00,【検証】AIがFigmaでデザイン？初心者にもやばいと噂のLayerMateを試した結果…,"Jul 29, 2025",1963,0
2025-05-24,jaBvPfIFw00,【検証】AIがFigmaでデザイン？初心者にもやばいと噂のLayerMateを試した結果…,"Jul 29, 2025",1963,0
2025-05-25,jaBvPfIFw00,【検証】AIがFigmaでデザイン？初心者にもやばいと噂のLayerMateを試した結果…,"Jul 29, 2025",1963,0
2025-05-26,jaBvPfIFw00,【検証】AIがFigmaでデザイン？初心者にもやばいと噂のLayerMateを試した結果…,"Jul 29, 2025",1963,0
2025-05-27,jaBvPfIFw00,【検証】AIがFigmaでデザイン？初心者にもやばいと噂のLayerMateを試した結果…,"Jul 29, 2025",1963,0
2025-05-28,jaBvPfIFw00,【検証】AIがFigmaでデザイン？初心者にもやばいと噂のLayerMateを試した結果…,"Jul 29, 2025",1963,0
2025-05-29,jaBvPfIFw00,【検証】AIがFigmaでデザイン？初心者にもやばいと噂のLayerMateを試した結果…,"Jul 29, 2025",1963,0
2025-05-30,jaBvPfIFw00,【検証】AIがFigmaでデザイン？初心者にもやばいと噂のLayerMateを試した結果…,"Jul 29, 2025",1963,0
2025-05-31,jaBvPfIFw00,【検証】AIがFigmaでデザイン？初心者にもやばいと噂のLayerMateを試した結果…,"Jul 29, 2025",1963,0
2025-06-01,jaBvPfIFw00,【検証】AIがFigmaでデザイン？初心者にもやばいと噂のLayerMateを試した結果…,"Jul 29, 2025",1963,0
2025-06-02,jaBvPfIFw00,【検証】AIがFigmaでデザイン？初心者にもやばいと噂のLayerMateを試した結果…,"Jul 29, 2025",1963,0
2025-06-03,jaBvPfIFw00,【検証】AIがFigmaでデザイン？初心者にもやばいと噂のLayerMateを試した結果…,"Jul 29, 2025",1963,0
2025-06-04,jaBvPfIFw00,【検証】AIがFigmaでデザイン？初心者にもやばいと噂のLayerMateを試した結果…,"Jul 29, 2025",1963,0
2025-06-05,jaBvPfIFw00,【検証】AIがFigmaでデザイン？初心者にもやばいと噂のLayerMateを試した結果…,"Jul 29, 2025",1963,0
2025-06-06,jaBvPfIFw00,【検証】AIがFigmaでデザイン？初心者にもやばいと噂のLayerMateを試した結果…,"Jul 29, 2025",1963,0
2025-06-07,jaBvPfIFw00,【検証】AIがFigmaでデザイン？初心者にもやばいと噂のLayerMateを試した結果…,"Jul 29, 2025",1963,0
2025-06-08,jaBvPfIFw00,【検証】AIがFigmaでデザイン？初心者にもやばいと噂のLayerMateを試した結果…,"Jul 29, 2025",1963,0
2025-06-09,jaBvPfIFw00,【検証】AIがFigmaでデザイン？初心者にもやばいと噂のLayerMateを試した結果…,"Jul 29, 2025",1963,0
2025-06-10,jaBvPfIFw00,【検証】AIがFigmaでデザイン？初心者にもやばいと噂のLayerMateを試した結果…,"Jul 29, 2025",1963,0
2025-06-11,jaBvPfIFw00,【検証】AIがFigmaでデザイン？初心者にもやばいと噂のLayerMateを試した結果…,"Jul 29, 2025",1963,0
2025-06-12,jaBvPfIFw00,【検証】AIがFigmaでデザイン？初心者にもやばいと噂のLayerMateを試した結果…,"Jul 29, 2025",1963,0
2025-06-13,jaBvPfIFw00,【検証】AIがFigmaでデザイン？初心者にもやばいと噂のLayerMateを試した結果…,"Jul 29, 2025",1963,0
2025-06-14,jaBvPfIFw00,【検証】AIがFigmaでデザイン？初心者にもやばいと噂のLayerMateを試した結果…,"Jul 29, 2025",1963,0
2025-06-15,jaBvPfIFw00,【検証】AIがFigmaでデザイン？初心者にもやばいと噂のLayerMateを試した結果…,"Jul 29, 2025",1963,0
2025-06-16,jaBvPfIFw00,【検証】AIがFigmaでデザイン？初心者にもやばいと噂のLayerMateを試した結果…,"Jul 29, 2025",1963,0
2025-06-17,jaBvPfIFw00,【検証】AIがFigmaでデザイン？初心者にもやばいと噂のLayerMateを試した結果…,"Jul 29, 2025",1963,0
2025-06-18,jaBvPfIFw00,【検証】AIがFigmaでデザイン？初心者にもやばいと噂のLayerMateを試した結果…,"Jul 29, 2025",1963,0
2025-06-19,jaBvPfIFw00,【検証】AIがFigmaでデザイン？初心者にもやばいと噂のLayerMateを試した結果…,"Jul 29, 2025",1963,0
2025-06-20,jaBvPfIFw00,【検証】AIがFigmaでデザイン？初心者にもやばいと噂のLayerMateを試した結果…,"Jul 29, 2025",1963,0
2025-06-21,jaBvPfIFw00,【検証】AIがFigmaでデザイン？初心者にもやばいと噂のLayerMateを試した結果…,"Jul 29, 2025",1963,0
2025-06-22,jaBvPfIFw00,【検証】AIがFigmaでデザイン？初心者にもやばいと噂のLayerMateを試した結果…,"Jul 29, 2025",1963,0
2025-06-23,jaBvPfIFw00,【検証】AIがFigmaでデザイン？初心者にもやばいと噂のLayerMateを試した結果…,"Jul 29, 2025",1963,0
2025-06-24,jaBvPfIFw00,【検証】AIがFigmaでデザイン？初心者にもやばいと噂のLayerMateを試した結果…,"Jul 29, 2025",1963,0
2025-06-25,jaBvPfIFw00,【検証】AIがFigmaでデザイン？初心者にもやばいと噂のLayerMateを試した結果…,"Jul 29, 2025",1963,0
2025-06-26,jaBvPfIFw00,【検証】AIがFigmaでデザイン？初心者にもやばいと噂のLayerMateを試した結果…,"Jul 29, 2025",1963,0
2025-06-27,jaBvPfIFw00,【検証】AIがFigmaでデザイン？初心者にもやばいと噂のLayerMateを試した結果…,"Jul 29, 2025",1963,0
2025-06-28,jaBvPfIFw00,【検証】AIがFigmaでデザイン？初心者にもやばいと噂のLayerMateを試した結果…,"Jul 29, 2025",1963,0
2025-06-29,jaBvPfIFw00,【検証】AIがFigmaでデザイン？初心者にもやばいと噂のLayerMateを試した結果…,"Jul 29, 2025",1963,0
2025-06-30,jaBvPfIFw00,【検証】AIがFigmaでデザイン？初心者にもやばいと噂のLayerMateを試した結果…,"Jul 29, 2025",1963,0
2025-07-01,jaBvPfIFw00,【検証】AIがFigmaでデザイン？初心者にもやばいと噂のLayerMateを試した結果…,"Jul 29, 2025",1963,0
2025-07-02,jaBvPfIFw00,【検証】AIがFigmaでデザイン？初心者にもやばいと噂のLayerMateを試した結果…,"Jul 29, 2025",1963,0
2025-07-03,jaBvPfIFw00,【検証】AIがFigmaでデザイン？初心者にもやばいと噂のLayerMateを試した結果…,"Jul 29, 2025",1963,0
2025-07-04,jaBvPfIFw00,【検証】AIがFigmaでデザイン？初心者にもやばいと噂のLayerMateを試した結果…,"Jul 29, 2025",1963,0
2025-07-05,jaBvPfIFw00,【検証】AIがFigmaでデザイン？初心者にもやばいと噂のLayerMateを試した結果…,"Jul 29, 2025",1963,0
2025-07-06,jaBvPfIFw00,【検証】AIがFigmaでデザイン？初心者にもやばいと噂のLayerMateを試した結果…,"Jul 29, 2025",1963,0
2025-07-07,jaBvPfIFw00,【検証】AIがFigmaでデザイン？初心者にもやばいと噂のLayerMateを試した結果…,"Jul 29, 2025",1963,0
2025-07-08,jaBvPfIFw00,【検証】AIがFigmaでデザイン？初心者にもやばいと噂のLayerMateを試した結果…,"Jul 29, 2025",1963,0
2025-07-09,jaBvPfIFw00,【検証】AIがFigmaでデザイン？初心者にもやばいと噂のLayerMateを試した結果…,"Jul 29, 2025",1963,0
2025-07-10,jaBvPfIFw00,【検証】AIがFigmaでデザイン？初心者にもやばいと噂のLayerMateを試した結果…,"Jul 29, 2025",1963,0
2025-07-11,jaBvPfIFw00,【検証】AIがFigmaでデザイン？初心者にもやばいと噂のLayerMateを試した結果…,"Jul 29, 2025",1963,0
2025-07-12,jaBvPfIFw00,【検証】AIがFigmaでデザイン？初心者にもやばいと噂のLayerMateを試した結果…,"Jul 29, 2025",1963,0
2025-07-13,jaBvPfIFw00,【検証】AIがFigmaでデザイン？初心者にもやばいと噂のLayerMateを試した結果…,"Jul 29, 2025",1963,0
2025-07-14,jaBvPfIFw00,【検証】AIがFigmaでデザイン？初心者にもやばいと噂のLayerMateを試した結果…,"Jul 29, 2025",1963,0
2025-07-15,jaBvPfIFw00,【検証】AIがFigmaでデザイン？初心者にもやばいと噂のLayerMateを試した結果…,"Jul 29, 2025",1963,0
2025-07-16,jaBvPfIFw00,【検証】AIがFigmaでデザイン？初心者にもやばいと噂のLayerMateを試した結果…,"Jul 29, 2025",1963,0
2025-07-17,jaBvPfIFw00,【検証】AIがFigmaでデザイン？初心者にもやばいと噂のLayerMateを試した結果…,"Jul 29, 2025",1963,0
2025-07-18,jaBvPfIFw00,【検証】AIがFigmaでデザイン？初心者にもやばいと噂のLayerMateを試した結果…,"Jul 29, 2025",1963,0
2025-07-19,jaBvPfIFw00,【検証】AIがFigmaでデザイン？初心者にもやばいと噂のLayerMateを試した結果…,"Jul 29, 2025",1963,0
2025-07-20,jaBvPfIFw00,【検証】AIがFigmaでデザイン？初心者にもやばいと噂のLayerMateを試した結果…,"Jul 29, 2025",1963,0
2025-07-21,jaBvPfIFw00,【検証】AIがFigmaでデザイン？初心者にもやばいと噂のLayerMateを試した結果…,"Jul 29, 2025",1963,0
2025-07-22,jaBvPfIFw00,【検証】AIがFigmaでデザイン？初心者にもやばいと噂のLayerMateを試した結果…,"Jul 29, 2025",1963,0
2025-07-23,jaBvPfIFw00,【検証】AIがFigmaでデザイン？初心者にもやばいと噂のLayerMateを試した結果…,"Jul 29, 2025",1963,0
2025-07-24,jaBvPfIFw00,【検証】AIがFigmaでデザイン？初心者にもやばいと噂のLayerMateを試した結果…,"Jul 29, 2025",1963,0
2025-07-25,jaBvPfIFw00,【検証】AIがFigmaでデザイン？初心者にもやばいと噂のLayerMateを試した結果…,"Jul 29, 2025",1963,1
2025-07-26,jaBvPfIFw00,【検証】AIがFigmaでデザイン？初心者にもやばいと噂のLayerMateを試した結果…,"Jul 29, 2025",1963,0
2025-07-27,jaBvPfIFw00,【検証】AIがFigmaでデザイン？初心者にもやばいと噂のLayerMateを試した結果…,"Jul 29, 2025",1963,0
2025-07-28,jaBvPfIFw00,【検証】AIがFigmaでデザイン？初心者にもやばいと噂のLayerMateを試した結果…,"Jul 29, 2025",1963,0
2025-07-29,jaBvPfIFw00,【検証】AIがFigmaでデザイン？初心者にもやばいと噂のLayerMateを試した結果…,"Jul 29, 2025",1963,1312
2025-07-30,jaBvPfIFw00,【検証】AIがFigmaでデザイン？初心者にもやばいと噂のLayerMateを試した結果…,"Jul 29, 2025",1963,649
2025-07-31,jaBvPfIFw00,【検証】AIがFigmaでデザイン？初心者にもやばいと噂のLayerMateを試した結果…,"Jul 29, 2025",1963,737
2025-08-01,jaBvPfIFw00,【検証】AIがFigmaでデザイン？初心者にもやばいと噂のLayerMateを試した結果…,"Jul 29, 2025",1963,475
2025-08-02,jaBvPfIFw00,【検証】AIがFigmaでデザイン？初心者にもやばいと噂のLayerMateを試した結果…,"Jul 29, 2025",1963,412
2025-08-03,jaBvPfIFw00,【検証】AIがFigmaでデザイン？初心者にもやばいと噂のLayerMateを試した結果…,"Jul 29, 2025",1963,438
2025-08-04,jaBvPfIFw00,【検証】AIがFigmaでデザイン？初心者にもやばいと噂のLayerMateを試した結果…,"Jul 29, 2025",1963,280
2025-08-05,jaBvPfIFw00,【検証】AIがFigmaでデザイン？初心者にもやばいと噂のLayerMateを試した結果…,"Jul 29, 2025",1963,303
2025-08-06,jaBvPfIFw00,【検証】AIがFigmaでデザイン？初心者にもやばいと噂のLayerMateを試した結果…,"Jul 29, 2025",1963,221
2025-08-07,jaBvPfIFw00,【検証】AIがFigmaでデザイン？初心者にもやばいと噂のLayerMateを試した結果…,"Jul 29, 2025",1963,184
2025-08-08,jaBvPfIFw00,【検証】AIがFigmaでデザイン？初心者にもやばいと噂のLayerMateを試した結果…,"Jul 29, 2025",1963,154
2025-08-09,jaBvPfIFw00,【検証】AIがFigmaでデザイン？初心者にもやばいと噂のLayerMateを試した結果…,"Jul 29, 2025",1963,63
2025-08-10,jaBvPfIFw00,【検証】AIがFigmaでデザイン？初心者にもやばいと噂のLayerMateを試した結果…,"Jul 29, 2025",1963,77
2025-08-11,jaBvPfIFw00,【検証】AIがFigmaでデザイン？初心者にもやばいと噂のLayerMateを試した結果…,"Jul 29, 2025",1963,81
2025-08-12,jaBvPfIFw00,【検証】AIがFigmaでデザイン？初心者にもやばいと噂のLayerMateを試した結果…,"Jul 29, 2025",1963,91
2025-08-13,jaBvPfIFw00,【検証】AIがFigmaでデザイン？初心者にもやばいと噂のLayerMateを試した結果…,"Jul 29, 2025",1963,56
2025-08-14,jaBvPfIFw00,【検証】AIがFigmaでデザイン？初心者にもやばいと噂のLayerMateを試した結果…,"Jul 29, 2025",1963,68
2025-05-17,kyIlZicfOHE,WebデザイナーからUI/UXデザイナーに転職できる？,"Jun 4, 2025",98,0
2025-05-18,kyIlZicfOHE,WebデザイナーからUI/UXデザイナーに転職できる？,"Jun 4, 2025",98,0
2025-05-19,kyIlZicfOHE,WebデザイナーからUI/UXデザイナーに転職できる？,"Jun 4, 2025",98,0
2025-05-20,kyIlZicfOHE,WebデザイナーからUI/UXデザイナーに転職できる？,"Jun 4, 2025",98,0
2025-05-21,kyIlZicfOHE,WebデザイナーからUI/UXデザイナーに転職できる？,"Jun 4, 2025",98,0
2025-05-22,kyIlZicfOHE,WebデザイナーからUI/UXデザイナーに転職できる？,"Jun 4, 2025",98,0
2025-05-23,kyIlZicfOHE,WebデザイナーからUI/UXデザイナーに転職できる？,"Jun 4, 2025",98,0
2025-05-24,kyIlZicfOHE,WebデザイナーからUI/UXデザイナーに転職できる？,"Jun 4, 2025",98,0
2025-05-25,kyIlZicfOHE,WebデザイナーからUI/UXデザイナーに転職できる？,"Jun 4, 2025",98,0
2025-05-26,kyIlZicfOHE,WebデザイナーからUI/UXデザイナーに転職できる？,"Jun 4, 2025",98,0
2025-05-27,kyIlZicfOHE,WebデザイナーからUI/UXデザイナーに転職できる？,"Jun 4, 2025",98,0
2025-05-28,kyIlZicfOHE,WebデザイナーからUI/UXデザイナーに転職できる？,"Jun 4, 2025",98,0
2025-05-29,kyIlZicfOHE,WebデザイナーからUI/UXデザイナーに転職できる？,"Jun 4, 2025",98,0
2025-05-30,kyIlZicfOHE,WebデザイナーからUI/UXデザイナーに転職できる？,"Jun 4, 2025",98,0
2025-05-31,kyIlZicfOHE,WebデザイナーからUI/UXデザイナーに転職できる？,"Jun 4, 2025",98,0
2025-06-01,kyIlZicfOHE,WebデザイナーからUI/UXデザイナーに転職できる？,"Jun 4, 2025",98,0
2025-06-02,kyIlZicfOHE,WebデザイナーからUI/UXデザイナーに転職できる？,"Jun 4, 2025",98,0
2025-06-03,kyIlZicfOHE,WebデザイナーからUI/UXデザイナーに転職できる？,"Jun 4, 2025",98,0
2025-06-04,kyIlZicfOHE,WebデザイナーからUI/UXデザイナーに転職できる？,"Jun 4, 2025",98,3251
2025-06-05,kyIlZicfOHE,WebデザイナーからUI/UXデザイナーに転職できる？,"Jun 4, 2025",98,424
2025-06-06,kyIlZicfOHE,WebデザイナーからUI/UXデザイナーに転職できる？,"Jun 4, 2025",98,231
2025-06-07,kyIlZicfOHE,WebデザイナーからUI/UXデザイナーに転職できる？,"Jun 4, 2025",98,142
2025-06-08,kyIlZicfOHE,WebデザイナーからUI/UXデザイナーに転職できる？,"Jun 4, 2025",98,55
2025-06-09,kyIlZicfOHE,WebデザイナーからUI/UXデザイナーに転職できる？,"Jun 4, 2025",98,19
2025-06-10,kyIlZicfOHE,WebデザイナーからUI/UXデザイナーに転職できる？,"Jun 4, 2025",98,28
2025-06-11,kyIlZicfOHE,WebデザイナーからUI/UXデザイナーに転職できる？,"Jun 4, 2025",98,7
2025-06-12,kyIlZicfOHE,WebデザイナーからUI/UXデザイナーに転職できる？,"Jun 4, 2025",98,6
2025-06-13,kyIlZicfOHE,WebデザイナーからUI/UXデザイナーに転職できる？,"Jun 4, 2025",98,11
2025-06-14,kyIlZicfOHE,WebデザイナーからUI/UXデザイナーに転職できる？,"Jun 4, 2025",98,4
2025-06-15,kyIlZicfOHE,WebデザイナーからUI/UXデザイナーに転職できる？,"Jun 4, 2025",98,10
2025-06-16,kyIlZicfOHE,WebデザイナーからUI/UXデザイナーに転職できる？,"Jun 4, 2025",98,4
2025-06-17,kyIlZicfOHE,WebデザイナーからUI/UXデザイナーに転職できる？,"Jun 4, 2025",98,12
2025-06-18,kyIlZicfOHE,WebデザイナーからUI/UXデザイナーに転職できる？,"Jun 4, 2025",98,10
2025-06-19,kyIlZicfOHE,WebデザイナーからUI/UXデザイナーに転職できる？,"Jun 4, 2025",98,7
2025-06-20,kyIlZicfOHE,WebデザイナーからUI/UXデザイナーに転職できる？,"Jun 4, 2025",98,6
2025-06-21,kyIlZicfOHE,WebデザイナーからUI/UXデザイナーに転職できる？,"Jun 4, 2025",98,2
2025-06-22,kyIlZicfOHE,WebデザイナーからUI/UXデザイナーに転職できる？,"Jun 4, 2025",98,4
2025-06-23,kyIlZicfOHE,WebデザイナーからUI/UXデザイナーに転職できる？,"Jun 4, 2025",98,7
2025-06-24,kyIlZicfOHE,WebデザイナーからUI/UXデザイナーに転職できる？,"Jun 4, 2025",98,4
2025-06-25,kyIlZicfOHE,WebデザイナーからUI/UXデザイナーに転職できる？,"Jun 4, 2025",98,18
2025-06-26,kyIlZicfOHE,WebデザイナーからUI/UXデザイナーに転職できる？,"Jun 4, 2025",98,7
2025-06-27,kyIlZicfOHE,WebデザイナーからUI/UXデザイナーに転職できる？,"Jun 4, 2025",98,5
2025-06-28,kyIlZicfOHE,WebデザイナーからUI/UXデザイナーに転職できる？,"Jun 4, 2025",98,6
2025-06-29,kyIlZicfOHE,WebデザイナーからUI/UXデザイナーに転職できる？,"Jun 4, 2025",98,2
2025-06-30,kyIlZicfOHE,WebデザイナーからUI/UXデザイナーに転職できる？,"Jun 4, 2025",98,2
2025-07-01,kyIlZicfOHE,WebデザイナーからUI/UXデザイナーに転職できる？,"Jun 4, 2025",98,10
2025-07-02,kyIlZicfOHE,WebデザイナーからUI/UXデザイナーに転職できる？,"Jun 4, 2025",98,7
2025-07-03,kyIlZicfOHE,WebデザイナーからUI/UXデザイナーに転職できる？,"Jun 4, 2025",98,4
2025-07-04,kyIlZicfOHE,WebデザイナーからUI/UXデザイナーに転職できる？,"Jun 4, 2025",98,4
2025-07-05,kyIlZicfOHE,WebデザイナーからUI/UXデザイナーに転職できる？,"Jun 4, 2025",98,4
2025-07-06,kyIlZicfOHE,WebデザイナーからUI/UXデザイナーに転職できる？,"Jun 4, 2025",98,8
2025-07-07,kyIlZicfOHE,WebデザイナーからUI/UXデザイナーに転職できる？,"Jun 4, 2025",98,6
2025-07-08,kyIlZicfOHE,WebデザイナーからUI/UXデザイナーに転職できる？,"Jun 4, 2025",98,15
2025-07-09,kyIlZicfOHE,WebデザイナーからUI/UXデザイナーに転職できる？,"Jun 4, 2025",98,9
2025-07-10,kyIlZicfOHE,WebデザイナーからUI/UXデザイナーに転職できる？,"Jun 4, 2025",98,14
2025-07-11,kyIlZicfOHE,WebデザイナーからUI/UXデザイナーに転職できる？,"Jun 4, 2025",98,9
2025-07-12,kyIlZicfOHE,WebデザイナーからUI/UXデザイナーに転職できる？,"Jun 4, 2025",98,3
2025-07-13,kyIlZicfOHE,WebデザイナーからUI/UXデザイナーに転職できる？,"Jun 4, 2025",98,5
2025-07-14,kyIlZicfOHE,WebデザイナーからUI/UXデザイナーに転職できる？,"Jun 4, 2025",98,2
2025-07-15,kyIlZicfOHE,WebデザイナーからUI/UXデザイナーに転職できる？,"Jun 4, 2025",98,2
2025-07-16,kyIlZicfOHE,WebデザイナーからUI/UXデザイナーに転職できる？,"Jun 4, 2025",98,4
2025-07-17,kyIlZicfOHE,WebデザイナーからUI/UXデザイナーに転職できる？,"Jun 4, 2025",98,8
2025-07-18,kyIlZicfOHE,WebデザイナーからUI/UXデザイナーに転職できる？,"Jun 4, 2025",98,3
2025-07-19,kyIlZicfOHE,WebデザイナーからUI/UXデザイナーに転職できる？,"Jun 4, 2025",98,5
2025-07-20,kyIlZicfOHE,WebデザイナーからUI/UXデザイナーに転職できる？,"Jun 4, 2025",98,3
2025-07-21,kyIlZicfOHE,WebデザイナーからUI/UXデザイナーに転職できる？,"Jun 4, 2025",98,5
2025-07-22,kyIlZicfOHE,WebデザイナーからUI/UXデザイナーに転職できる？,"Jun 4, 2025",98,11
2025-07-23,kyIlZicfOHE,WebデザイナーからUI/UXデザイナーに転職できる？,"Jun 4, 2025",98,12
2025-07-24,kyIlZicfOHE,WebデザイナーからUI/UXデザイナーに転職できる？,"Jun 4, 2025",98,1
2025-07-25,kyIlZicfOHE,WebデザイナーからUI/UXデザイナーに転職できる？,"Jun 4, 2025",98,5
2025-07-26,kyIlZicfOHE,WebデザイナーからUI/UXデザイナーに転職できる？,"Jun 4, 2025",98,1
2025-07-27,kyIlZicfOHE,WebデザイナーからUI/UXデザイナーに転職できる？,"Jun 4, 2025",98,7
2025-07-28,kyIlZicfOHE,WebデザイナーからUI/UXデザイナーに転職できる？,"Jun 4, 2025",98,10
2025-07-29,kyIlZicfOHE,WebデザイナーからUI/UXデザイナーに転職できる？,"Jun 4, 2025",98,2
2025-07-30,kyIlZicfOHE,WebデザイナーからUI/UXデザイナーに転職できる？,"Jun 4, 2025",98,2
2025-07-31,kyIlZicfOHE,WebデザイナーからUI/UXデザイナーに転職できる？,"Jun 4, 2025",98,12
2025-08-01,kyIlZicfOHE,WebデザイナーからUI/UXデザイナーに転職できる？,"Jun 4, 2025",98,6
2025-08-02,kyIlZicfOHE,WebデザイナーからUI/UXデザイナーに転職できる？,"Jun 4, 2025",98,15
2025-08-03,kyIlZicfOHE,WebデザイナーからUI/UXデザイナーに転職できる？,"Jun 4, 2025",98,9
2025-08-04,kyIlZicfOHE,WebデザイナーからUI/UXデザイナーに転職できる？,"Jun 4, 2025",98,4
2025-08-05,kyIlZicfOHE,WebデザイナーからUI/UXデザイナーに転職できる？,"Jun 4, 2025",98,5
2025-08-06,kyIlZicfOHE,WebデザイナーからUI/UXデザイナーに転職できる？,"Jun 4, 2025",98,7
2025-08-07,kyIlZicfOHE,WebデザイナーからUI/UXデザイナーに転職できる？,"Jun 4, 2025",98,11
2025-08-08,kyIlZicfOHE,WebデザイナーからUI/UXデザイナーに転職できる？,"Jun 4, 2025",98,18
2025-08-09,kyIlZicfOHE,WebデザイナーからUI/UXデザイナーに転職できる？,"Jun 4, 2025",98,5
2025-08-10,kyIlZicfOHE,WebデザイナーからUI/UXデザイナーに転職できる？,"Jun 4, 2025",98,9
2025-08-11,kyIlZicfOHE,WebデザイナーからUI/UXデザイナーに転職できる？,"Jun 4, 2025",98,12
2025-08-12,kyIlZicfOHE,WebデザイナーからUI/UXデザイナーに転職できる？,"Jun 4, 2025",98,10
2025-08-13,kyIlZicfOHE,WebデザイナーからUI/UXデザイナーに転職できる？,"Jun 4, 2025",98,13
2025-08-14,kyIlZicfOHE,WebデザイナーからUI/UXデザイナーに転職できる？,"Jun 4, 2025",98,4
2025-05-17,zsjXix-SAZs,非デザイナーも使える！デザインの基本4原則でわかりやすい綺麗なグラフィックを作ろう,"Mar 23, 2020",1031,45
2025-05-18,zsjXix-SAZs,非デザイナーも使える！デザインの基本4原則でわかりやすい綺麗なグラフィックを作ろう,"Mar 23, 2020",1031,56
2025-05-19,zsjXix-SAZs,非デザイナーも使える！デザインの基本4原則でわかりやすい綺麗なグラフィックを作ろう,"Mar 23, 2020",1031,53
2025-05-20,zsjXix-SAZs,非デザイナーも使える！デザインの基本4原則でわかりやすい綺麗なグラフィックを作ろう,"Mar 23, 2020",1031,46
2025-05-21,zsjXix-SAZs,非デザイナーも使える！デザインの基本4原則でわかりやすい綺麗なグラフィックを作ろう,"Mar 23, 2020",1031,46
2025-05-22,zsjXix-SAZs,非デザイナーも使える！デザインの基本4原則でわかりやすい綺麗なグラフィックを作ろう,"Mar 23, 2020",1031,51
2025-05-23,zsjXix-SAZs,非デザイナーも使える！デザインの基本4原則でわかりやすい綺麗なグラフィックを作ろう,"Mar 23, 2020",1031,31
2025-05-24,zsjXix-SAZs,非デザイナーも使える！デザインの基本4原則でわかりやすい綺麗なグラフィックを作ろう,"Mar 23, 2020",1031,19
2025-05-25,zsjXix-SAZs,非デザイナーも使える！デザインの基本4原則でわかりやすい綺麗なグラフィックを作ろう,"Mar 23, 2020",1031,40
2025-05-26,zsjXix-SAZs,非デザイナーも使える！デザインの基本4原則でわかりやすい綺麗なグラフィックを作ろう,"Mar 23, 2020",1031,40
2025-05-27,zsjXix-SAZs,非デザイナーも使える！デザインの基本4原則でわかりやすい綺麗なグラフィックを作ろう,"Mar 23, 2020",1031,45
2025-05-28,zsjXix-SAZs,非デザイナーも使える！デザインの基本4原則でわかりやすい綺麗なグラフィックを作ろう,"Mar 23, 2020",1031,48
2025-05-29,zsjXix-SAZs,非デザイナーも使える！デザインの基本4原則でわかりやすい綺麗なグラフィックを作ろう,"Mar 23, 2020",1031,34
2025-05-30,zsjXix-SAZs,非デザイナーも使える！デザインの基本4原則でわかりやすい綺麗なグラフィックを作ろう,"Mar 23, 2020",1031,32
2025-05-31,zsjXix-SAZs,非デザイナーも使える！デザインの基本4原則でわかりやすい綺麗なグラフィックを作ろう,"Mar 23, 2020",1031,41
2025-06-01,zsjXix-SAZs,非デザイナーも使える！デザインの基本4原則でわかりやすい綺麗なグラフィックを作ろう,"Mar 23, 2020",1031,59
2025-06-02,zsjXix-SAZs,非デザイナーも使える！デザインの基本4原則でわかりやすい綺麗なグラフィックを作ろう,"Mar 23, 2020",1031,56
2025-06-03,zsjXix-SAZs,非デザイナーも使える！デザインの基本4原則でわかりやすい綺麗なグラフィックを作ろう,"Mar 23, 2020",1031,44
2025-06-04,zsjXix-SAZs,非デザイナーも使える！デザインの基本4原則でわかりやすい綺麗なグラフィックを作ろう,"Mar 23, 2020",1031,54
2025-06-05,zsjXix-SAZs,非デザイナーも使える！デザインの基本4原則でわかりやすい綺麗なグラフィックを作ろう,"Mar 23, 2020",1031,49
2025-06-06,zsjXix-SAZs,非デザイナーも使える！デザインの基本4原則でわかりやすい綺麗なグラフィックを作ろう,"Mar 23, 2020",1031,33
2025-06-07,zsjXix-SAZs,非デザイナーも使える！デザインの基本4原則でわかりやすい綺麗なグラフィックを作ろう,"Mar 23, 2020",1031,42
2025-06-08,zsjXix-SAZs,非デザイナーも使える！デザインの基本4原則でわかりやすい綺麗なグラフィックを作ろう,"Mar 23, 2020",1031,44
2025-06-09,zsjXix-SAZs,非デザイナーも使える！デザインの基本4原則でわかりやすい綺麗なグラフィックを作ろう,"Mar 23, 2020",1031,52
2025-06-10,zsjXix-SAZs,非デザイナーも使える！デザインの基本4原則でわかりやすい綺麗なグラフィックを作ろう,"Mar 23, 2020",1031,58
2025-06-11,zsjXix-SAZs,非デザイナーも使える！デザインの基本4原則でわかりやすい綺麗なグラフィックを作ろう,"Mar 23, 2020",1031,57
2025-06-12,zsjXix-SAZs,非デザイナーも使える！デザインの基本4原則でわかりやすい綺麗なグラフィックを作ろう,"Mar 23, 2020",1031,49
2025-06-13,zsjXix-SAZs,非デザイナーも使える！デザインの基本4原則でわかりやすい綺麗なグラフィックを作ろう,"Mar 23, 2020",1031,46
2025-06-14,zsjXix-SAZs,非デザイナーも使える！デザインの基本4原則でわかりやすい綺麗なグラフィックを作ろう,"Mar 23, 2020",1031,27
2025-06-15,zsjXix-SAZs,非デザイナーも使える！デザインの基本4原則でわかりやすい綺麗なグラフィックを作ろう,"Mar 23, 2020",1031,47
2025-06-16,zsjXix-SAZs,非デザイナーも使える！デザインの基本4原則でわかりやすい綺麗なグラフィックを作ろう,"Mar 23, 2020",1031,66
2025-06-17,zsjXix-SAZs,非デザイナーも使える！デザインの基本4原則でわかりやすい綺麗なグラフィックを作ろう,"Mar 23, 2020",1031,43
2025-06-18,zsjXix-SAZs,非デザイナーも使える！デザインの基本4原則でわかりやすい綺麗なグラフィックを作ろう,"Mar 23, 2020",1031,37
2025-06-19,zsjXix-SAZs,非デザイナーも使える！デザインの基本4原則でわかりやすい綺麗なグラフィックを作ろう,"Mar 23, 2020",1031,38
2025-06-20,zsjXix-SAZs,非デザイナーも使える！デザインの基本4原則でわかりやすい綺麗なグラフィックを作ろう,"Mar 23, 2020",1031,33
2025-06-21,zsjXix-SAZs,非デザイナーも使える！デザインの基本4原則でわかりやすい綺麗なグラフィックを作ろう,"Mar 23, 2020",1031,26
2025-06-22,zsjXix-SAZs,非デザイナーも使える！デザインの基本4原則でわかりやすい綺麗なグラフィックを作ろう,"Mar 23, 2020",1031,33
2025-06-23,zsjXix-SAZs,非デザイナーも使える！デザインの基本4原則でわかりやすい綺麗なグラフィックを作ろう,"Mar 23, 2020",1031,35
2025-06-24,zsjXix-SAZs,非デザイナーも使える！デザインの基本4原則でわかりやすい綺麗なグラフィックを作ろう,"Mar 23, 2020",1031,41
2025-06-25,zsjXix-SAZs,非デザイナーも使える！デザインの基本4原則でわかりやすい綺麗なグラフィックを作ろう,"Mar 23, 2020",1031,24
2025-06-26,zsjXix-SAZs,非デザイナーも使える！デザインの基本4原則でわかりやすい綺麗なグラフィックを作ろう,"Mar 23, 2020",1031,46
2025-06-27,zsjXix-SAZs,非デザイナーも使える！デザインの基本4原則でわかりやすい綺麗なグラフィックを作ろう,"Mar 23, 2020",1031,39
2025-06-28,zsjXix-SAZs,非デザイナーも使える！デザインの基本4原則でわかりやすい綺麗なグラフィックを作ろう,"Mar 23, 2020",1031,50
2025-06-29,zsjXix-SAZs,非デザイナーも使える！デザインの基本4原則でわかりやすい綺麗なグラフィックを作ろう,"Mar 23, 2020",1031,45
2025-06-30,zsjXix-SAZs,非デザイナーも使える！デザインの基本4原則でわかりやすい綺麗なグラフィックを作ろう,"Mar 23, 2020",1031,27
2025-07-01,zsjXix-SAZs,非デザイナーも使える！デザインの基本4原則でわかりやすい綺麗なグラフィックを作ろう,"Mar 23, 2020",1031,58
2025-07-02,zsjXix-SAZs,非デザイナーも使える！デザインの基本4原則でわかりやすい綺麗なグラフィックを作ろう,"Mar 23, 2020",1031,27
2025-07-03,zsjXix-SAZs,非デザイナーも使える！デザインの基本4原則でわかりやすい綺麗なグラフィックを作ろう,"Mar 23, 2020",1031,47
2025-07-04,zsjXix-SAZs,非デザイナーも使える！デザインの基本4原則でわかりやすい綺麗なグラフィックを作ろう,"Mar 23, 2020",1031,29
2025-07-05,zsjXix-SAZs,非デザイナーも使える！デザインの基本4原則でわかりやすい綺麗なグラフィックを作ろう,"Mar 23, 2020",1031,28
2025-07-06,zsjXix-SAZs,非デザイナーも使える！デザインの基本4原則でわかりやすい綺麗なグラフィックを作ろう,"Mar 23, 2020",1031,33
2025-07-07,zsjXix-SAZs,非デザイナーも使える！デザインの基本4原則でわかりやすい綺麗なグラフィックを作ろう,"Mar 23, 2020",1031,34
2025-07-08,zsjXix-SAZs,非デザイナーも使える！デザインの基本4原則でわかりやすい綺麗なグラフィックを作ろう,"Mar 23, 2020",1031,55
2025-07-09,zsjXix-SAZs,非デザイナーも使える！デザインの基本4原則でわかりやすい綺麗なグラフィックを作ろう,"Mar 23, 2020",1031,55
2025-07-10,zsjXix-SAZs,非デザイナーも使える！デザインの基本4原則でわかりやすい綺麗なグラフィックを作ろう,"Mar 23, 2020",1031,38
2025-07-11,zsjXix-SAZs,非デザイナーも使える！デザインの基本4原則でわかりやすい綺麗なグラフィックを作ろう,"Mar 23, 2020",1031,42
2025-07-12,zsjXix-SAZs,非デザイナーも使える！デザインの基本4原則でわかりやすい綺麗なグラフィックを作ろう,"Mar 23, 2020",1031,48
2025-07-13,zsjXix-SAZs,非デザイナーも使える！デザインの基本4原則でわかりやすい綺麗なグラフィックを作ろう,"Mar 23, 2020",1031,48
2025-07-14,zsjXix-SAZs,非デザイナーも使える！デザインの基本4原則でわかりやすい綺麗なグラフィックを作ろう,"Mar 23, 2020",1031,31
2025-07-15,zsjXix-SAZs,非デザイナーも使える！デザインの基本4原則でわかりやすい綺麗なグラフィックを作ろう,"Mar 23, 2020",1031,47
2025-07-16,zsjXix-SAZs,非デザイナーも使える！デザインの基本4原則でわかりやすい綺麗なグラフィックを作ろう,"Mar 23, 2020",1031,34
2025-07-17,zsjXix-SAZs,非デザイナーも使える！デザインの基本4原則でわかりやすい綺麗なグラフィックを作ろう,"Mar 23, 2020",1031,34
2025-07-18,zsjXix-SAZs,非デザイナーも使える！デザインの基本4原則でわかりやすい綺麗なグラフィックを作ろう,"Mar 23, 2020",1031,31
2025-07-19,zsjXix-SAZs,非デザイナーも使える！デザインの基本4原則でわかりやすい綺麗なグラフィックを作ろう,"Mar 23, 2020",1031,32
2025-07-20,zsjXix-SAZs,非デザイナーも使える！デザインの基本4原則でわかりやすい綺麗なグラフィックを作ろう,"Mar 23, 2020",1031,38
2025-07-21,zsjXix-SAZs,非デザイナーも使える！デザインの基本4原則でわかりやすい綺麗なグラフィックを作ろう,"Mar 23, 2020",1031,37
2025-07-22,zsjXix-SAZs,非デザイナーも使える！デザインの基本4原則でわかりやすい綺麗なグラフィックを作ろう,"Mar 23, 2020",1031,40
2025-07-23,zsjXix-SAZs,非デザイナーも使える！デザインの基本4原則でわかりやすい綺麗なグラフィックを作ろう,"Mar 23, 2020",1031,52
2025-07-24,zsjXix-SAZs,非デザイナーも使える！デザインの基本4原則でわかりやすい綺麗なグラフィックを作ろう,"Mar 23, 2020",1031,32
2025-07-25,zsjXix-SAZs,非デザイナーも使える！デザインの基本4原則でわかりやすい綺麗なグラフィックを作ろう,"Mar 23, 2020",1031,40
2025-07-26,zsjXix-SAZs,非デザイナーも使える！デザインの基本4原則でわかりやすい綺麗なグラフィックを作ろう,"Mar 23, 2020",1031,43
2025-07-27,zsjXix-SAZs,非デザイナーも使える！デザインの基本4原則でわかりやすい綺麗なグラフィックを作ろう,"Mar 23, 2020",1031,39
2025-07-28,zsjXix-SAZs,非デザイナーも使える！デザインの基本4原則でわかりやすい綺麗なグラフィックを作ろう,"Mar 23, 2020",1031,38
2025-07-29,zsjXix-SAZs,非デザイナーも使える！デザインの基本4原則でわかりやすい綺麗なグラフィックを作ろう,"Mar 23, 2020",1031,53
2025-07-30,zsjXix-SAZs,非デザイナーも使える！デザインの基本4原則でわかりやすい綺麗なグラフィックを作ろう,"Mar 23, 2020",1031,61
2025-07-31,zsjXix-SAZs,非デザイナーも使える！デザインの基本4原則でわかりやすい綺麗なグラフィックを作ろう,"Mar 23, 2020",1031,30
2025-08-01,zsjXix-SAZs,非デザイナーも使える！デザインの基本4原則でわかりやすい綺麗なグラフィックを作ろう,"Mar 23, 2020",1031,31
2025-08-02,zsjXix-SAZs,非デザイナーも使える！デザインの基本4原則でわかりやすい綺麗なグラフィックを作ろう,"Mar 23, 2020",1031,26
2025-08-03,zsjXix-SAZs,非デザイナーも使える！デザインの基本4原則でわかりやすい綺麗なグラフィックを作ろう,"Mar 23, 2020",1031,37
2025-08-04,zsjXix-SAZs,非デザイナーも使える！デザインの基本4原則でわかりやすい綺麗なグラフィックを作ろう,"Mar 23, 2020",1031,48
2025-08-05,zsjXix-SAZs,非デザイナーも使える！デザインの基本4原則でわかりやすい綺麗なグラフィックを作ろう,"Mar 23, 2020",1031,44
2025-08-06,zsjXix-SAZs,非デザイナーも使える！デザインの基本4原則でわかりやすい綺麗なグラフィックを作ろう,"Mar 23, 2020",1031,61
2025-08-07,zsjXix-SAZs,非デザイナーも使える！デザインの基本4原則でわかりやすい綺麗なグラフィックを作ろう,"Mar 23, 2020",1031,45
2025-08-08,zsjXix-SAZs,非デザイナーも使える！デザインの基本4原則でわかりやすい綺麗なグラフィックを作ろう,"Mar 23, 2020",1031,28
2025-08-09,zsjXix-SAZs,非デザイナーも使える！デザインの基本4原則でわかりやすい綺麗なグラフィックを作ろう,"Mar 23, 2020",1031,36
2025-08-10,zsjXix-SAZs,非デザイナーも使える！デザインの基本4原則でわかりやすい綺麗なグラフィックを作ろう,"Mar 23, 2020",1031,30
2025-08-11,zsjXix-SAZs,非デザイナーも使える！デザインの基本4原則でわかりやすい綺麗なグラフィックを作ろう,"Mar 23, 2020",1031,30
2025-08-12,zsjXix-SAZs,非デザイナーも使える！デザインの基本4原則でわかりやすい綺麗なグラフィックを作ろう,"Mar 23, 2020",1031,35
2025-08-13,zsjXix-SAZs,非デザイナーも使える！デザインの基本4原則でわかりやすい綺麗なグラフィックを作ろう,"Mar 23, 2020",1031,40
2025-08-14,zsjXix-SAZs,非デザイナーも使える！デザインの基本4原則でわかりやすい綺麗なグラフィックを作ろう,"Mar 23, 2020",1031,26